categoryId,countryId,rank,value,year
population,russian-federation,1,143533851.0,2024
population,turkiye,2,85518661.0,2024
population,germany,3,83516593.0,2024
population,united-kingdom,4,69226000.0,2024
population,france,5,68551653.0,2024
population,italy,6,58952704.0,2024
population,spain,7,48848840.0,2024
population,ukraine,8,37860221.0,2024
population,poland,9,36559233.0,2024
population,romania,10,19051804.0,2024
population,netherlands,11,17993485.0,2024
population,belgium,12,11858610.0,2024
population,czechia,13,10905028.0,2024
population,portugal,14,10694681.0,2024
population,sweden,15,10569709.0,2024
population,greece,16,10405134.0,2024
population,hungary,17,9562065.0,2024
population,austria,18,9177982.0,2024
population,belarus,19,9132629.0,2024
population,switzerland,20,9005582.0,2024
population,serbia,21,6586476.0,2024
population,bulgaria,22,6441421.0,2024
population,denmark,23,5976992.0,2024
population,finland,24,5619911.0,2024
population,norway,25,5572279.0,2024
population,slovak-republic,26,5422069.0,2024
population,ireland,27,5395790.0,2024
population,croatia,28,3866200.0,2024
population,bosnia-and-herzegovina,29,3164253.0,2024
population,lithuania,30,2888278.0,2024
population,moldova,31,2402306.0,2024
population,albania,32,2377128.0,2024
population,slovenia,33,2127400.0,2024
population,latvia,34,1866124.0,2024
population,north-macedonia,35,1824359.0,2024
population,kosovo,36,1594353.0,2024
population,estonia,37,1372341.0,2024
population,cyprus,38,1358282.0,2024
population,luxembourg,39,677012.0,2024
population,montenegro,40,623525.0,2024
population,malta,41,568847.0,2024
population,iceland,42,386506.0,2024
population,andorra,43,81938.0,2024
population,liechtenstein,44,40450.0,2024
population,monaco,45,38631.0,2024
population,san-marino,46,33977.0,2024
surface-area,russian-federation,1,17125190.0,2023
surface-area,turkiye,2,785350.0,2023
surface-area,norway,3,624500.0,2023
surface-area,france,4,606410.0,2023
surface-area,ukraine,5,603550.0,2023
surface-area,sweden,6,528660.0,2023
surface-area,spain,7,505975.98,2023
surface-area,germany,8,357680.0,2023
surface-area,finland,9,338480.0,2023
surface-area,poland,10,313930.0,2023
surface-area,italy,11,302070.0,2023
surface-area,united-kingdom,12,243610.0,2023
surface-area,romania,13,238400.0,2023
surface-area,belarus,14,207629.0,2023
surface-area,greece,15,131960.0,2023
surface-area,bulgaria,16,110996.758,2023
surface-area,iceland,17,103000.0,2023
surface-area,hungary,18,93030.0,2023
surface-area,portugal,19,92230.0,2023
surface-area,croatia,20,88070.0,2023
surface-area,serbia,21,84990.0,2023
surface-area,austria,22,83879.0,2023
surface-area,czechia,23,78871.43,2023
surface-area,ireland,24,70280.0,2023
surface-area,lithuania,25,65290.0,2023
surface-area,latvia,26,64590.0,2023
surface-area,bosnia-and-herzegovina,27,51210.0,2023
surface-area,slovak-republic,28,49030.0,2023
surface-area,estonia,29,45340.0,2023
surface-area,denmark,30,42920.0,2023
surface-area,netherlands,31,41540.0,2023
surface-area,switzerland,32,41290.7,2023
surface-area,moldova,33,33850.0,2023
surface-area,belgium,34,30689.0,2023
surface-area,albania,35,28750.0,2023
surface-area,north-macedonia,36,25710.0,2023
surface-area,slovenia,37,20480.0,2023
surface-area,montenegro,38,13888.0,2023
surface-area,cyprus,39,9250.0,2023
surface-area,luxembourg,40,2590.0,2023
surface-area,andorra,41,470.0,2023
surface-area,malta,42,320.0,2023
surface-area,liechtenstein,43,160.0,2023
surface-area,monaco,44,74.9,2023
surface-area,san-marino,45,60.0,2023
population-density,monaco,1,18692.898273,2023
population-density,malta,2,1727.334375,2023
population-density,san-marino,3,564.333333,2023
population-density,netherlands,4,530.950906,2023
population-density,belgium,5,386.303732,2023
population-density,united-kingdom,6,283.106684,2023
population-density,luxembourg,7,258.862053,2023
population-density,liechtenstein,8,249.0375,2023
population-density,germany,9,238.35181,2023
population-density,switzerland,10,224.978619,2023
population-density,italy,11,199.459678,2023
population-density,andorra,12,172.034043,2023
population-density,denmark,13,148.6738,2023
population-density,cyprus,14,145.560173,2023
population-density,czechia,15,140.785548,2023
population-density,france,16,126.862021,2023
population-density,poland,17,119.787616,2023
population-density,portugal,18,115.475189,2023
population-density,slovak-republic,19,112.868968,2023
population-density,turkiye,20,110.866215,2023
population-density,austria,21,110.661185,2023
population-density,slovenia,22,105.314808,2023
population-density,hungary,23,105.108328,2023
population-density,spain,24,96.763617,2023
population-density,albania,25,88.105657,2023
population-density,moldova,26,85.437585,2023
population-density,romania,27,82.845367,2023
population-density,greece,28,80.739728,2023
population-density,serbia,29,78.763028,2023
population-density,ireland,30,77.101727,2023
population-density,north-macedonia,31,72.474861,2023
population-density,croatia,32,68.97223,2023
population-density,ukraine,33,65.123983,2023
population-density,bosnia-and-herzegovina,34,62.208457,2023
population-density,bulgaria,35,59.382793,2023
population-density,montenegro,36,46.359033,2023
population-density,lithuania,37,45.871965,2023
population-density,belarus,38,45.217077,2023
population-density,estonia,39,32.068476,2023
population-density,latvia,40,30.270127,2023
population-density,sweden,41,25.871368,2023
population-density,finland,42,18.370545,2023
population-density,norway,43,15.1525,2023
population-density,russian-federation,44,8.782272,2023
population-density,iceland,45,3.824883,2023
gdp,germany,1,4685.592578,2024
gdp,united-kingdom,2,3686.033044,2024
gdp,france,3,3160.442622,2024
gdp,italy,4,2380.825077,2024
gdp,russian-federation,5,2173.835807,2024
gdp,spain,6,1725.671653,2024
gdp,turkiye,7,1359.123769,2024
gdp,netherlands,8,1214.927699,2024
gdp,switzerland,9,936.564198,2024
gdp,poland,10,917.767106,2024
gdp,belgium,11,671.370082,2024
gdp,ireland,12,609.15746,2024
gdp,sweden,13,603.715224,2024
gdp,austria,14,534.79072,2024
gdp,norway,15,483.592648,2024
gdp,denmark,16,424.524722,2024
gdp,romania,17,382.564218,2024
gdp,czechia,18,347.034063,2024
gdp,portugal,19,313.271185,2024
gdp,finland,20,298.696961,2024
gdp,greece,21,256.238372,2024
gdp,hungary,22,222.722739,2024
gdp,ukraine,23,190.741262,2024
gdp,slovak-republic,24,140.934077,2024
gdp,bulgaria,25,113.343356,2024
gdp,luxembourg,26,93.279852,2024
gdp,croatia,27,92.98381,2024
gdp,serbia,28,90.097766,2024
gdp,lithuania,29,84.869216,2024
gdp,belarus,30,75.961865,2024
gdp,slovenia,31,72.972015,2024
gdp,latvia,32,43.684254,2024
gdp,estonia,33,43.13042,2024
gdp,cyprus,34,37.634533,2024
gdp,iceland,35,33.255181,2024
gdp,bosnia-and-herzegovina,36,29.613572,2024
gdp,albania,37,27.046429,2024
gdp,malta,38,24.971575,2024
gdp,moldova,39,18.200341,2024
gdp,north-macedonia,40,16.951682,2024
gdp,kosovo,41,11.197246,2024
gdp,monaco,42,11.125783,2024
gdp,montenegro,43,8.270017,2024
gdp,liechtenstein,44,8.239379,2023
gdp,andorra,45,4.039842,2024
gdp,san-marino,46,2.027527,2023
gdp-per-capita,monaco,1,288001.433369,2024
gdp-per-capita,liechtenstein,2,206780.590353,2023
gdp-per-capita,luxembourg,3,137781.681659,2024
gdp-per-capita,ireland,4,112894.953241,2024
gdp-per-capita,switzerland,5,103998.186686,2024
gdp-per-capita,norway,6,86785.433449,2024
gdp-per-capita,iceland,7,86040.530985,2024
gdp-per-capita,denmark,8,71026.483227,2024
gdp-per-capita,netherlands,9,67520.421896,2024
gdp-per-capita,san-marino,10,59879.717302,2023
gdp-per-capita,austria,11,58268.878765,2024
gdp-per-capita,sweden,12,57117.487744,2024
gdp-per-capita,belgium,13,56614.56795,2024
gdp-per-capita,germany,14,56103.732318,2024
gdp-per-capita,united-kingdom,15,53246.367615,2024
gdp-per-capita,finland,16,53149.767193,2024
gdp-per-capita,andorra,17,49303.649167,2024
gdp-per-capita,france,18,46103.084086,2024
gdp-per-capita,malta,19,43898.578181,2024
gdp-per-capita,italy,20,40385.341396,2024
gdp-per-capita,cyprus,21,38674.292969,2024
gdp-per-capita,spain,22,35326.768307,2024
gdp-per-capita,slovenia,23,34301.031869,2024
gdp-per-capita,czechia,24,31823.307829,2024
gdp-per-capita,estonia,25,31428.354782,2024
gdp-per-capita,lithuania,26,29384.01896,2024
gdp-per-capita,portugal,27,29292.242105,2024
gdp-per-capita,slovak-republic,28,25992.67485,2024
gdp-per-capita,poland,29,25103.565661,2024
gdp-per-capita,greece,30,24626.148186,2024
gdp-per-capita,croatia,31,24050.439793,2024
gdp-per-capita,latvia,32,23409.084515,2024
gdp-per-capita,hungary,33,23292.326388,2024
gdp-per-capita,romania,34,20080.209622,2024
gdp-per-capita,bulgaria,35,17596.017366,2024
gdp-per-capita,turkiye,36,15892.715729,2024
gdp-per-capita,russian-federation,37,14889.018555,2024
gdp-per-capita,serbia,38,13679.206598,2024
gdp-per-capita,montenegro,39,13263.328128,2024
gdp-per-capita,albania,40,11377.775743,2024
gdp-per-capita,bosnia-and-herzegovina,41,9358.78769,2024
gdp-per-capita,north-macedonia,42,9291.856617,2024
gdp-per-capita,belarus,43,8317.633999,2024
gdp-per-capita,moldova,44,7576.195894,2024
gdp-per-capita,kosovo,45,7023.065985,2024
gdp-per-capita,ukraine,46,5389.473145,2024
life-expectancy,monaco,1,86.497,2024
life-expectancy,san-marino,2,85.817,2024
life-expectancy,switzerland,3,84.407317,2024
life-expectancy,liechtenstein,4,84.2,2024
life-expectancy,andorra,5,84.188,2024
life-expectancy,sweden,6,84.063415,2024
life-expectancy,italy,7,83.95122,2024
life-expectancy,spain,8,83.887805,2024
life-expectancy,luxembourg,9,83.195122,2024
life-expectancy,norway,10,83.160976,2024
life-expectancy,ireland,11,83.009756,2024
life-expectancy,france,12,82.980488,2024
life-expectancy,malta,13,82.956098,2024
life-expectancy,iceland,14,82.809756,2024
life-expectancy,portugal,15,82.382927,2024
life-expectancy,finland,16,82.336585,2024
life-expectancy,belgium,17,82.3,2024
life-expectancy,slovenia,18,82.285366,2024
life-expectancy,denmark,19,82.253659,2024
life-expectancy,austria,20,81.995122,2024
life-expectancy,netherlands,21,81.965854,2024
life-expectancy,greece,22,81.839024,2024
life-expectancy,cyprus,23,81.821,2024
life-expectancy,united-kingdom,24,81.386854,2024
life-expectancy,germany,25,80.792683,2024
life-expectancy,czechia,26,79.978049,2024
life-expectancy,albania,27,79.776,2024
life-expectancy,estonia,28,79.295122,2024
life-expectancy,croatia,29,78.929268,2024
life-expectancy,poland,30,78.409756,2024
life-expectancy,slovak-republic,31,78.370732,2024
life-expectancy,kosovo,32,78.222,2024
life-expectancy,bosnia-and-herzegovina,33,78.044,2024
life-expectancy,montenegro,34,77.890244,2024
life-expectancy,turkiye,35,77.421,2024
life-expectancy,lithuania,36,77.195122,2024
life-expectancy,hungary,37,76.72439,2024
life-expectancy,north-macedonia,38,76.616585,2024
life-expectancy,romania,39,76.458537,2024
life-expectancy,latvia,40,76.429268,2024
life-expectancy,serbia,41,75.968293,2024
life-expectancy,bulgaria,42,75.760976,2024
life-expectancy,ukraine,43,74.692,2024
life-expectancy,belarus,44,74.365341,2024
life-expectancy,russian-federation,45,73.440488,2024
life-expectancy,moldova,46,71.332,2024
older-population-share,monaco,1,36.16655,2024
older-population-share,italy,2,24.624777,2024
older-population-share,portugal,3,24.53065,2024
older-population-share,greece,4,23.939763,2024
older-population-share,finland,5,23.897237,2024
older-population-share,germany,6,23.195587,2024
older-population-share,croatia,7,23.187771,2024
older-population-share,serbia,8,22.686038,2024
older-population-share,san-marino,9,22.409994,2024
older-population-share,bosnia-and-herzegovina,10,22.230239,2024
older-population-share,france,11,22.146562,2024
older-population-share,bulgaria,12,22.030336,2024
older-population-share,slovenia,13,21.772349,2024
older-population-share,latvia,14,21.73584,2024
older-population-share,estonia,15,21.297332,2024
older-population-share,spain,16,21.145444,2024
older-population-share,hungary,17,20.993197,2024
older-population-share,denmark,18,20.86607,2024
older-population-share,czechia,19,20.845384,2024
older-population-share,sweden,20,20.746768,2024
older-population-share,liechtenstein,21,20.72611,2024
older-population-share,austria,22,20.606403,2024
older-population-share,belgium,23,20.558081,2024
older-population-share,netherlands,24,20.496078,2024
older-population-share,malta,25,20.212303,2024
older-population-share,lithuania,26,20.166489,2024
older-population-share,poland,27,20.143403,2024
older-population-share,switzerland,28,20.019052,2024
older-population-share,romania,29,19.980999,2024
older-population-share,united-kingdom,30,19.499767,2024
older-population-share,ukraine,31,18.962448,2024
older-population-share,norway,32,18.785241,2024
older-population-share,slovak-republic,33,18.537399,2024
older-population-share,north-macedonia,34,18.02476,2024
older-population-share,montenegro,35,17.83208,2024
older-population-share,belarus,36,17.666564,2024
older-population-share,russian-federation,37,17.177475,2024
older-population-share,albania,38,16.922756,2024
older-population-share,moldova,39,16.211512,2024
older-population-share,andorra,40,15.94569,2024
older-population-share,ireland,41,15.892078,2024
older-population-share,iceland,42,15.644815,2024
older-population-share,luxembourg,43,15.476364,2024
older-population-share,cyprus,44,14.616184,2024
older-population-share,turkiye,45,10.284181,2024
older-population-share,kosovo,46,10.074104,2024
urban-population-share,monaco,1,100.0,2024
urban-population-share,san-marino,2,97.156056,2024
urban-population-share,malta,3,95.654626,2024
urban-population-share,netherlands,4,95.639652,2024
urban-population-share,luxembourg,5,94.84387,2024
urban-population-share,iceland,6,94.181904,2024
urban-population-share,turkiye,7,89.344312,2024
urban-population-share,andorra,8,88.885004,2024
urban-population-share,sweden,9,88.855975,2024
urban-population-share,denmark,10,88.696055,2024
urban-population-share,belgium,11,87.612656,2024
urban-population-share,switzerland,12,85.461537,2024
urban-population-share,norway,13,83.329374,2024
urban-population-share,united-kingdom,14,83.242954,2024
urban-population-share,germany,15,82.021143,2024
urban-population-share,spain,16,80.3152,2024
urban-population-share,belarus,17,79.155102,2024
urban-population-share,greece,18,78.996786,2024
urban-population-share,france,19,78.799975,2024
urban-population-share,russian-federation,20,75.111914,2024
urban-population-share,finland,21,74.263719,2024
urban-population-share,bulgaria,22,73.949936,2024
urban-population-share,czechia,23,72.794798,2024
urban-population-share,estonia,24,70.698116,2024
urban-population-share,hungary,25,70.491826,2024
urban-population-share,italy,26,69.604754,2024
urban-population-share,ukraine,27,69.531564,2024
urban-population-share,austria,28,69.465818,2024
urban-population-share,lithuania,29,68.828583,2024
urban-population-share,latvia,30,68.483949,2024
urban-population-share,cyprus,31,66.682426,2024
urban-population-share,montenegro,32,65.542231,2024
urban-population-share,ireland,33,64.347038,2024
urban-population-share,north-macedonia,34,62.564538,2024
urban-population-share,serbia,35,62.383003,2024
urban-population-share,portugal,36,61.328191,2024
urban-population-share,poland,37,59.970547,2024
urban-population-share,albania,38,58.546363,2024
urban-population-share,croatia,39,57.515898,2024
urban-population-share,slovenia,40,55.757771,2024
urban-population-share,slovak-republic,41,53.19197,2024
urban-population-share,romania,42,52.167478,2024
urban-population-share,bosnia-and-herzegovina,43,52.12243,2024
urban-population-share,kosovo,44,50.321444,2024
urban-population-share,moldova,45,43.516472,2024
urban-population-share,liechtenstein,46,14.657585,2024
forest-area-share,finland,1,73.723516,2023
forest-area-share,sweden,2,68.701353,2023
forest-area-share,montenegro,3,61.486989,2023
forest-area-share,slovenia,4,61.174894,2023
forest-area-share,estonia,5,57.065294,2023
forest-area-share,latvia,6,54.995983,2023
forest-area-share,russian-federation,7,49.784361,2023
forest-area-share,austria,8,47.240265,2023
forest-area-share,belarus,9,43.408069,2023
forest-area-share,bosnia-and-herzegovina,10,42.732617,2023
forest-area-share,liechtenstein,11,41.875,2023
forest-area-share,slovak-republic,12,40.056156,2023
forest-area-share,north-macedonia,13,39.710151,2023
forest-area-share,spain,14,37.192589,2023
forest-area-share,bulgaria,15,36.219602,2023
forest-area-share,portugal,16,36.154995,2023
forest-area-share,lithuania,17,35.23015,2023
forest-area-share,croatia,18,34.78574,2023
forest-area-share,czechia,19,34.762388,2023
forest-area-share,luxembourg,20,34.453827,2023
forest-area-share,andorra,21,34.042553,2023
forest-area-share,norway,22,33.500975,2023
forest-area-share,italy,23,32.894495,2023
forest-area-share,germany,24,32.678934,2023
forest-area-share,france,25,32.476482,2023
forest-area-share,serbia,26,32.389635,2023
forest-area-share,switzerland,27,32.382738,2023
forest-area-share,poland,28,31.080419,2023
forest-area-share,greece,29,30.269977,2023
forest-area-share,romania,30,30.115829,2023
forest-area-share,turkiye,31,29.479568,2023
forest-area-share,albania,32,28.791971,2023
forest-area-share,belgium,33,22.604447,2023
forest-area-share,hungary,34,22.448434,2023
forest-area-share,cyprus,35,18.665584,2023
forest-area-share,ukraine,36,16.755264,2023
forest-area-share,san-marino,37,16.666667,2023
forest-area-share,denmark,38,15.7815,2023
forest-area-share,united-kingdom,39,13.290713,2023
forest-area-share,moldova,40,11.737018,2023
forest-area-share,ireland,41,11.525911,2023
forest-area-share,netherlands,42,11.057443,2023
forest-area-share,malta,43,1.4375,2023
forest-area-share,iceland,44,0.528744,2023
forest-area-share,monaco,45,0.0,2023
internet-users,denmark,1,99.769152,2024
internet-users,luxembourg,2,99.129022,2025
internet-users,monaco,3,99.044899,2024
internet-users,norway,4,99.0,2024
internet-users,liechtenstein,5,98.264198,2024
internet-users,iceland,6,98.209198,2024
internet-users,san-marino,7,97.352203,2024
internet-users,switzerland,8,97.321039,2025
internet-users,ireland,9,97.187698,2024
internet-users,netherlands,10,97.006798,2024
internet-users,belgium,11,95.775791,2024
internet-users,sweden,12,95.766298,2025
internet-users,spain,13,95.757452,2024
internet-users,united-kingdom,14,95.472099,2024
internet-users,andorra,15,94.397598,2024
internet-users,russian-federation,16,94.364954,2024
internet-users,belarus,17,94.261821,2024
internet-users,malta,18,93.860298,2024
internet-users,hungary,19,93.778986,2024
internet-users,finland,20,93.724052,2024
internet-users,germany,21,93.499996,2024
internet-users,north-macedonia,22,93.1,2025
internet-users,latvia,23,92.70757,2024
internet-users,estonia,24,92.237962,2024
internet-users,austria,25,91.925734,2025
internet-users,romania,26,91.290486,2024
internet-users,slovenia,27,90.763555,2024
internet-users,slovak-republic,28,89.82507,2024
internet-users,turkiye,29,89.77024,2025
internet-users,cyprus,30,89.600992,2024
internet-users,kosovo,31,89.443032,2018
internet-users,italy,32,89.22072,2024
internet-users,lithuania,33,89.161163,2024
internet-users,montenegro,34,88.882584,2024
internet-users,france,35,88.653816,2024
internet-users,poland,36,88.584964,2024
internet-users,portugal,37,88.487045,2024
internet-users,serbia,38,87.690713,2024
internet-users,czechia,39,87.68776,2024
internet-users,greece,40,86.269689,2024
internet-users,bosnia-and-herzegovina,41,86.100911,2024
internet-users,albania,42,85.863899,2024
internet-users,croatia,43,83.6324,2024
internet-users,ukraine,44,82.474899,2024
internet-users,bulgaria,45,82.438955,2024
internet-users,moldova,46,77.368797,2024
tourist-arrivals,france,1,117109000.0,2020
tourist-arrivals,poland,2,88515000.0,2019
tourist-arrivals,italy,3,38419000.0,2020
tourist-arrivals,czechia,4,37202000.0,2019
tourist-arrivals,spain,5,36410000.0,2020
tourist-arrivals,hungary,6,31641000.0,2020
tourist-arrivals,croatia,7,21608000.0,2020
tourist-arrivals,turkiye,8,15971000.0,2020
tourist-arrivals,denmark,9,15595000.0,2020
tourist-arrivals,slovak-republic,10,15299000.0,2018
tourist-arrivals,austria,11,15091000.0,2020
tourist-arrivals,germany,12,12449000.0,2020
tourist-arrivals,switzerland,13,11818000.0,2019
tourist-arrivals,united-kingdom,14,11101000.0,2020
tourist-arrivals,ireland,15,10951000.0,2019
tourist-arrivals,greece,16,7406000.0,2020
tourist-arrivals,netherlands,17,7265000.0,2020
tourist-arrivals,russian-federation,18,6359000.0,2020
tourist-arrivals,andorra,19,5207000.0,2020
tourist-arrivals,romania,20,5023000.0,2020
tourist-arrivals,bulgaria,21,4973000.0,2020
tourist-arrivals,portugal,22,4208000.0,2020
tourist-arrivals,cyprus,23,4117000.0,2019
tourist-arrivals,belarus,24,3598000.0,2020
tourist-arrivals,ukraine,25,3382000.0,2020
tourist-arrivals,latvia,26,3204000.0,2020
tourist-arrivals,albania,27,2658000.0,2020
tourist-arrivals,belgium,28,2584000.0,2020
tourist-arrivals,lithuania,29,2284000.0,2020
tourist-arrivals,sweden,30,1957000.0,2020
tourist-arrivals,san-marino,31,1904000.0,2019
tourist-arrivals,estonia,32,1695000.0,2020
tourist-arrivals,norway,33,1397000.0,2020
tourist-arrivals,slovenia,34,1216000.0,2020
tourist-arrivals,finland,35,896000.0,2020
tourist-arrivals,malta,36,718000.0,2020
tourist-arrivals,luxembourg,37,525000.0,2020
tourist-arrivals,iceland,38,488000.0,2020
tourist-arrivals,serbia,39,446000.0,2020
tourist-arrivals,montenegro,40,351000.0,2020
tourist-arrivals,bosnia-and-herzegovina,41,197000.0,2020
tourist-arrivals,monaco,42,159000.0,2020
tourist-arrivals,north-macedonia,43,118000.0,2020
tourist-arrivals,liechtenstein,44,58400.001526,2020
tourist-arrivals,moldova,45,29000.0,2020
co2-per-capita,luxembourg,1,99.655626,2020
co2-per-capita,russian-federation,2,89.677034,2020
co2-per-capita,czechia,3,66.43214,2020
co2-per-capita,netherlands,4,59.772428,2020
co2-per-capita,belgium,5,59.185045,2020
co2-per-capita,poland,6,58.940507,2020
co2-per-capita,germany,7,58.041768,2020
co2-per-capita,ireland,8,54.145821,2020
co2-per-capita,norway,9,53.80064,2020
co2-per-capita,serbia,10,53.716137,2020
co2-per-capita,austria,11,53.061166,2020
co2-per-capita,finland,12,52.561161,2020
co2-per-capita,bosnia-and-herzegovina,13,50.498447,2020
co2-per-capita,slovenia,14,47.477881,2020
co2-per-capita,belarus,15,46.739258,2020
co2-per-capita,andorra,16,46.217184,2020
co2-per-capita,kosovo,17,45.283677,2016
co2-per-capita,cyprus,18,43.775984,2020
co2-per-capita,estonia,19,42.707199,2020
co2-per-capita,slovak-republic,20,42.552438,2020
co2-per-capita,bulgaria,21,39.386243,2020
co2-per-capita,turkiye,22,38.95612,2020
co2-per-capita,greece,23,38.137479,2020
co2-per-capita,italy,24,37.858982,2020
co2-per-capita,denmark,25,37.529898,2020
co2-per-capita,united-kingdom,26,36.809138,2020
co2-per-capita,hungary,27,36.733223,2020
co2-per-capita,spain,28,34.236757,2020
co2-per-capita,lithuania,29,33.472003,2020
co2-per-capita,montenegro,30,32.540487,2020
co2-per-capita,switzerland,31,32.336583,2020
co2-per-capita,france,32,31.62946,2020
co2-per-capita,iceland,33,31.579723,2020
co2-per-capita,croatia,34,30.885643,2020
co2-per-capita,portugal,35,30.279261,2020
co2-per-capita,ukraine,36,30.017673,2020
co2-per-capita,liechtenstein,37,29.310784,2020
co2-per-capita,latvia,38,29.164897,2020
co2-per-capita,romania,39,28.5131,2020
co2-per-capita,north-macedonia,40,27.000062,2020
co2-per-capita,moldova,41,26.142771,2020
co2-per-capita,sweden,42,25.943913,2020
co2-per-capita,malta,43,25.004463,2020
co2-per-capita,albania,44,12.356401,2020
fertility-rate,monaco,1,2.102,2024
fertility-rate,montenegro,2,1.8,2024
fertility-rate,moldova,3,1.726,2024
fertility-rate,bulgaria,4,1.72,2024
fertility-rate,serbia,5,1.64,2024
fertility-rate,france,6,1.61,2024
fertility-rate,iceland,7,1.56,2024
fertility-rate,united-kingdom,8,1.551,2024
fertility-rate,kosovo,9,1.538,2024
fertility-rate,slovenia,10,1.52,2024
fertility-rate,bosnia-and-herzegovina,11,1.492,2024
fertility-rate,turkiye,12,1.48,2024
fertility-rate,denmark,13,1.47,2024
fertility-rate,ireland,14,1.47,2024
fertility-rate,croatia,15,1.46,2024
fertility-rate,slovak-republic,16,1.46,2024
fertility-rate,norway,17,1.45,2024
fertility-rate,belgium,18,1.44,2024
fertility-rate,netherlands,19,1.43,2024
fertility-rate,sweden,20,1.43,2024
fertility-rate,russian-federation,21,1.418,2024
fertility-rate,hungary,22,1.41,2024
fertility-rate,portugal,23,1.41,2024
fertility-rate,north-macedonia,24,1.4,2024
fertility-rate,romania,25,1.39,2024
fertility-rate,cyprus,26,1.38,2024
fertility-rate,liechtenstein,27,1.37,2024
fertility-rate,germany,28,1.36,2024
fertility-rate,czechia,29,1.36,2024
fertility-rate,albania,30,1.341,2024
fertility-rate,austria,31,1.31,2024
fertility-rate,switzerland,32,1.29,2024
fertility-rate,finland,33,1.25,2024
fertility-rate,luxembourg,34,1.25,2024
fertility-rate,greece,35,1.24,2024
fertility-rate,latvia,36,1.24,2024
fertility-rate,belarus,37,1.217,2024
fertility-rate,estonia,38,1.18,2024
fertility-rate,italy,39,1.18,2024
fertility-rate,san-marino,40,1.158,2024
fertility-rate,poland,41,1.14,2024
fertility-rate,lithuania,42,1.11,2024
fertility-rate,spain,43,1.1,2024
fertility-rate,andorra,44,1.087,2024
fertility-rate,malta,45,1.01,2024
fertility-rate,ukraine,46,0.988,2024
unemployment-rate,montenegro,1,13.572,2025
unemployment-rate,north-macedonia,2,12.256,2025
unemployment-rate,bosnia-and-herzegovina,3,11.037,2025
unemployment-rate,albania,4,10.926,2025
unemployment-rate,spain,5,10.376,2025
unemployment-rate,ukraine,6,9.834,2021
unemployment-rate,finland,7,9.461,2025
unemployment-rate,sweden,8,8.694,2025
unemployment-rate,greece,9,8.54,2025
unemployment-rate,turkiye,10,8.52,2025
unemployment-rate,estonia,11,8.313,2025
unemployment-rate,france,12,7.542,2025
unemployment-rate,serbia,13,7.123,2025
unemployment-rate,lithuania,14,6.731,2025
unemployment-rate,latvia,15,6.568,2025
unemployment-rate,italy,16,6.391,2025
unemployment-rate,luxembourg,17,6.343,2025
unemployment-rate,portugal,18,6.164,2025
unemployment-rate,romania,19,5.992,2025
unemployment-rate,belgium,20,5.906,2025
unemployment-rate,austria,21,5.582,2025
unemployment-rate,denmark,22,5.529,2025
unemployment-rate,slovak-republic,23,5.359,2025
unemployment-rate,croatia,24,5.002,2025
unemployment-rate,cyprus,25,4.924,2025
unemployment-rate,switzerland,26,4.873,2025
unemployment-rate,united-kingdom,27,4.746,2025
unemployment-rate,norway,28,4.637,2025
unemployment-rate,ireland,29,4.632,2025
unemployment-rate,hungary,30,4.521,2025
unemployment-rate,netherlands,31,3.874,2025
unemployment-rate,germany,32,3.711,2025
unemployment-rate,iceland,33,3.625,2025
unemployment-rate,bulgaria,34,3.536,2025
unemployment-rate,belarus,35,3.38,2025
unemployment-rate,slovenia,36,3.175,2025
unemployment-rate,poland,37,2.976,2025
unemployment-rate,malta,38,2.896,2025
unemployment-rate,czechia,39,2.825,2025
unemployment-rate,russian-federation,40,2.133,2025
unemployment-rate,moldova,41,1.505,2025
renewable-electricity-share,iceland,1,99.993639,2016
renewable-electricity-share,norway,2,99.10383,2021
renewable-electricity-share,albania,3,98.610594,2011
renewable-electricity-share,andorra,4,93.340391,2021
renewable-electricity-share,luxembourg,5,89.044796,2021
renewable-electricity-share,austria,6,79.911428,2021
renewable-electricity-share,denmark,7,78.95888,2021
renewable-electricity-share,croatia,8,69.880999,2021
renewable-electricity-share,switzerland,9,67.876234,2021
renewable-electricity-share,sweden,10,67.391937,2021
renewable-electricity-share,lithuania,11,65.614415,2021
renewable-electricity-share,portugal,12,64.906177,2021
renewable-electricity-share,latvia,13,63.596134,2021
renewable-electricity-share,montenegro,14,61.777013,2021
renewable-electricity-share,finland,15,52.930299,2021
renewable-electricity-share,spain,16,47.014914,2021
renewable-electricity-share,romania,17,44.857424,2021
renewable-electricity-share,italy,18,40.97357,2021
renewable-electricity-share,greece,19,40.564014,2021
renewable-electricity-share,united-kingdom,20,40.199976,2021
renewable-electricity-share,estonia,21,39.957385,2021
renewable-electricity-share,germany,22,39.830567,2021
renewable-electricity-share,bosnia-and-herzegovina,23,39.339663,2021
renewable-electricity-share,ireland,24,37.154178,2021
renewable-electricity-share,slovenia,25,36.112686,2021
renewable-electricity-share,turkiye,26,35.418946,2021
renewable-electricity-share,serbia,27,34.982189,2021
renewable-electricity-share,netherlands,28,33.1272,2021
renewable-electricity-share,north-macedonia,29,30.967637,2021
renewable-electricity-share,slovak-republic,30,23.560768,2021
renewable-electricity-share,belgium,31,23.543157,2021
renewable-electricity-share,france,32,22.803873,2021
renewable-electricity-share,bulgaria,33,22.19181,2021
renewable-electricity-share,russian-federation,34,19.154475,2021
renewable-electricity-share,hungary,35,19.144518,2021
renewable-electricity-share,poland,36,17.459999,2021
renewable-electricity-share,cyprus,37,15.134987,2021
renewable-electricity-share,czechia,38,14.02349,2021
renewable-electricity-share,ukraine,39,12.013659,2021
renewable-electricity-share,malta,40,11.889792,2021
renewable-electricity-share,moldova,41,6.503906,2021
renewable-electricity-share,kosovo,42,6.374477,2021
renewable-electricity-share,belarus,43,3.146536,2021
tertiary-enrollment,greece,1,165.113419,2023
tertiary-enrollment,cyprus,2,120.877274,2024
tertiary-enrollment,finland,3,110.304497,2024
tertiary-enrollment,turkiye,4,105.886063,2023
tertiary-enrollment,norway,5,95.498756,2024
tertiary-enrollment,spain,6,93.768967,2024
tertiary-enrollment,austria,7,92.612671,2024
tertiary-enrollment,ukraine,8,87.192001,2024
tertiary-enrollment,netherlands,9,86.593826,2023
tertiary-enrollment,albania,10,84.14962,2024
tertiary-enrollment,sweden,11,83.99881,2024
tertiary-enrollment,latvia,12,82.917351,2024
tertiary-enrollment,belgium,13,82.14756,2023
tertiary-enrollment,croatia,14,81.177521,2023
tertiary-enrollment,poland,15,80.914963,2024
tertiary-enrollment,malta,16,80.525009,2023
tertiary-enrollment,united-kingdom,17,80.41465,2023
tertiary-enrollment,slovenia,18,80.080688,2023
tertiary-enrollment,denmark,19,78.960411,2024
tertiary-enrollment,portugal,20,77.677818,2023
tertiary-enrollment,ireland,21,77.593338,2022
tertiary-enrollment,monaco,22,77.48069,2024
tertiary-enrollment,germany,23,76.709686,2024
tertiary-enrollment,iceland,24,76.520073,2023
tertiary-enrollment,italy,25,75.949654,2023
tertiary-enrollment,lithuania,26,75.617737,2024
tertiary-enrollment,moldova,27,74.710938,2024
tertiary-enrollment,switzerland,28,73.543053,2024
tertiary-enrollment,france,29,71.534691,2024
tertiary-enrollment,serbia,30,70.582649,2024
tertiary-enrollment,belarus,31,70.110751,2024
tertiary-enrollment,bulgaria,32,69.546043,2024
tertiary-enrollment,andorra,33,67.676768,2024
tertiary-enrollment,czechia,34,66.728287,2023
tertiary-enrollment,estonia,35,65.669228,2024
tertiary-enrollment,hungary,36,60.516869,2024
tertiary-enrollment,russian-federation,37,60.389124,2024
tertiary-enrollment,san-marino,38,57.548747,2024
tertiary-enrollment,montenegro,39,55.174301,2023
tertiary-enrollment,romania,40,55.168289,2023
tertiary-enrollment,north-macedonia,41,55.008202,2023
tertiary-enrollment,slovak-republic,42,54.474319,2024
tertiary-enrollment,liechtenstein,43,46.018959,2021
tertiary-enrollment,bosnia-and-herzegovina,44,45.502762,2023
tertiary-enrollment,luxembourg,45,22.41037,2024
employment-agriculture-share,moldova,1,50.502048,2025
employment-agriculture-share,albania,2,30.772283,2025
employment-agriculture-share,serbia,3,18.027437,2025
employment-agriculture-share,bosnia-and-herzegovina,4,16.708993,2025
employment-agriculture-share,turkiye,5,14.219983,2025
employment-agriculture-share,ukraine,6,14.116201,2021
employment-agriculture-share,romania,7,10.945517,2025
employment-agriculture-share,greece,8,10.677789,2025
employment-agriculture-share,belarus,9,9.478375,2025
employment-agriculture-share,north-macedonia,10,8.502725,2025
employment-agriculture-share,latvia,11,6.663652,2025
employment-agriculture-share,poland,12,6.222566,2025
employment-agriculture-share,russian-federation,13,5.108977,2025
employment-agriculture-share,bulgaria,14,4.689222,2025
employment-agriculture-share,lithuania,15,4.662908,2025
employment-agriculture-share,croatia,16,4.327734,2025
employment-agriculture-share,montenegro,17,4.192709,2025
employment-agriculture-share,hungary,18,4.113683,2025
employment-agriculture-share,ireland,19,3.853201,2025
employment-agriculture-share,slovenia,20,3.657223,2025
employment-agriculture-share,iceland,21,3.606555,2025
employment-agriculture-share,finland,22,3.493378,2025
employment-agriculture-share,spain,23,3.374398,2025
employment-agriculture-share,italy,24,3.347217,2025
employment-agriculture-share,estonia,25,2.956841,2025
employment-agriculture-share,portugal,26,2.776226,2025
employment-agriculture-share,austria,27,2.766473,2025
employment-agriculture-share,czechia,28,2.708943,2025
employment-agriculture-share,norway,29,2.500616,2025
employment-agriculture-share,france,30,2.334129,2025
employment-agriculture-share,switzerland,31,2.241765,2025
employment-agriculture-share,slovak-republic,32,2.163048,2025
employment-agriculture-share,cyprus,33,2.154609,2025
employment-agriculture-share,sweden,34,1.766847,2025
employment-agriculture-share,netherlands,35,1.704164,2025
employment-agriculture-share,denmark,36,1.620475,2025
employment-agriculture-share,germany,37,1.071045,2025
employment-agriculture-share,belgium,38,0.984722,2025
employment-agriculture-share,luxembourg,39,0.87817,2025
employment-agriculture-share,malta,40,0.876548,2025
employment-agriculture-share,united-kingdom,41,0.851259,2025
employment-industry-share,czechia,1,34.894383,2025
employment-industry-share,slovak-republic,2,34.528225,2025
employment-industry-share,romania,3,32.571271,2025
employment-industry-share,slovenia,4,31.968419,2025
employment-industry-share,belarus,5,31.058202,2025
employment-industry-share,north-macedonia,6,30.626015,2025
employment-industry-share,bosnia-and-herzegovina,7,30.600161,2025
employment-industry-share,hungary,8,30.534657,2025
employment-industry-share,poland,9,30.025337,2025
employment-industry-share,bulgaria,10,27.876401,2025
employment-industry-share,turkiye,11,27.290562,2025
employment-industry-share,serbia,12,27.067867,2025
employment-industry-share,italy,13,26.426025,2025
employment-industry-share,croatia,14,26.361721,2025
employment-industry-share,estonia,15,25.997386,2025
employment-industry-share,germany,16,25.974166,2025
employment-industry-share,lithuania,17,25.901819,2025
employment-industry-share,russian-federation,18,25.832463,2025
employment-industry-share,ukraine,19,25.218645,2021
employment-industry-share,austria,20,24.647493,2025
employment-industry-share,portugal,21,24.550906,2025
employment-industry-share,albania,22,21.983247,2025
employment-industry-share,latvia,23,21.836132,2025
employment-industry-share,finland,24,20.840029,2025
employment-industry-share,spain,25,19.851445,2025
employment-industry-share,switzerland,26,19.589692,2025
employment-industry-share,france,27,19.339209,2025
employment-industry-share,belgium,28,19.246675,2025
employment-industry-share,denmark,29,18.804706,2025
employment-industry-share,iceland,30,18.244403,2025
employment-industry-share,montenegro,31,18.227952,2025
employment-industry-share,ireland,32,18.213975,2025
employment-industry-share,norway,33,17.835371,2025
employment-industry-share,malta,34,17.737307,2025
employment-industry-share,sweden,35,16.82196,2025
employment-industry-share,greece,36,16.315187,2025
employment-industry-share,cyprus,37,16.268876,2025
employment-industry-share,united-kingdom,38,15.914095,2025
employment-industry-share,netherlands,39,13.756164,2025
employment-industry-share,moldova,40,12.553872,2025
employment-industry-share,luxembourg,41,7.64402,2025
employment-services-share,luxembourg,1,91.47781,2025
employment-services-share,netherlands,2,84.539671,2025
employment-services-share,united-kingdom,3,83.234634,2025
employment-services-share,cyprus,4,81.576515,2025
employment-services-share,sweden,5,81.411212,2025
employment-services-share,malta,6,81.386145,2025
employment-services-share,belgium,7,79.768583,2025
employment-services-share,norway,8,79.664013,2025
employment-services-share,denmark,9,79.574818,2025
employment-services-share,france,10,78.326661,2025
employment-services-share,switzerland,11,78.168543,2025
employment-services-share,iceland,12,78.149464,2025
employment-services-share,ireland,13,77.932824,2025
employment-services-share,montenegro,14,77.579338,2025
employment-services-share,spain,15,76.774167,2025
employment-services-share,finland,16,75.666555,2025
employment-services-share,greece,17,73.007024,2025
employment-services-share,germany,18,72.954789,2025
employment-services-share,portugal,19,72.672868,2025
employment-services-share,austria,20,72.586034,2025
employment-services-share,latvia,21,71.500216,2025
employment-services-share,estonia,22,71.045773,2025
employment-services-share,italy,23,70.226762,2025
employment-services-share,lithuania,24,69.435273,2025
employment-services-share,croatia,25,69.310606,2025
employment-services-share,russian-federation,26,69.058548,2025
employment-services-share,bulgaria,27,67.434378,2025
employment-services-share,hungary,28,65.35166,2025
employment-services-share,slovenia,29,64.374259,2025
employment-services-share,poland,30,63.752102,2025
employment-services-share,slovak-republic,31,63.308689,2025
employment-services-share,czechia,32,62.396674,2025
employment-services-share,north-macedonia,33,60.87126,2025
employment-services-share,ukraine,34,60.665154,2021
employment-services-share,belarus,35,59.463445,2025
employment-services-share,turkiye,36,58.489455,2025
employment-services-share,romania,37,56.483212,2025
employment-services-share,serbia,38,54.904728,2025
employment-services-share,bosnia-and-herzegovina,39,52.690846,2025
employment-services-share,albania,40,47.244394,2025
employment-services-share,moldova,41,36.944139,2025
